P_NAME_T,P_NAME_E,A_NAME_T,A_NAME_E,T_NAME_T,T_NAME_E
นครนายก,NAKHON NAYOK,องครักษ์,ONGKHARAK,องครักษ์,ONGKHARAK
นครนายก,NAKHON NAYOK,องครักษ์,ONGKHARAK,ศีรษะกระบือ,SISA KRABUE
นครนายก,NAKHON NAYOK,องครักษ์,ONGKHARAK,โพธิ์แทน,PHO THAEN
นครนายก,NAKHON NAYOK,องครักษ์,ONGKHARAK,พระอาจารย์,PHRA ACHAN
นครนายก,NAKHON NAYOK,องครักษ์,ONGKHARAK,บึงศาล,BUENG SAN
นครนายก,NAKHON NAYOK,องครักษ์,ONGKHARAK,บางสมบูรณ์,BANG SOMBUN
นครนายก,NAKHON NAYOK,องครักษ์,ONGKHARAK,บางลูกเสือ,BANG LUK SUEA
นครนายก,NAKHON NAYOK,องครักษ์,ONGKHARAK,บางปลากด,BANG PLA KOT
นครนายก,NAKHON NAYOK,องครักษ์,ONGKHARAK,ทรายมูล,SAI MUN
นครนายก,NAKHON NAYOK,องครักษ์,ONGKHARAK,ชุมพล,CHUMPHON
นครนายก,NAKHON NAYOK,องครักษ์,ONGKHARAK,คลองใหญ่,KHLONG YAI
ปทุมธานี,PATHUM THANI,คลองหลวง,KHLONG LUANG,คลองห้า,KHLONG HA
ปทุมธานี,PATHUM THANI,คลองหลวง,KHLONG LUANG,คลองหนึ่ง,KHLONG NUENG
ปทุมธานี,PATHUM THANI,คลองหลวง,KHLONG LUANG,คลองหก,KHLONG HOK
ปทุมธานี,PATHUM THANI,คลองหลวง,KHLONG LUANG,คลองสี่,KHLONG SI
ปทุมธานี,PATHUM THANI,คลองหลวง,KHLONG LUANG,คลองสาม,KHLONG SAM
ปทุมธานี,PATHUM THANI,คลองหลวง,KHLONG LUANG,คลองสอง,KHLONG SONG
ปทุมธานี,PATHUM THANI,คลองหลวง,KHLONG LUANG,คลองเจ็ด,KHLONG CHET
ปทุมธานี,PATHUM THANI,ธัญบุรี,THANYABURI,ลำผักกูด,LAM PHAK KUT
ปทุมธานี,PATHUM THANI,ธัญบุรี,THANYABURI,รังสิต,RANGSIT
ปทุมธานี,PATHUM THANI,ธัญบุรี,THANYABURI,ประชาธิปัตย์,PRACHA THIPAT
ปทุมธานี,PATHUM THANI,ธัญบุรี,THANYABURI,บึงสนั่น,BUENG SANAN
ปทุมธานี,PATHUM THANI,ธัญบุรี,THANYABURI,บึงยี่โถ,BUENG YI THO
ปทุมธานี,PATHUM THANI,ธัญบุรี,THANYABURI,บึงน้ำรักษ์,BUENG NAM RAK
ปทุมธานี,PATHUM THANI,เมืองปทุมธานี,MUEANG PATHUM THANI,หลักหก,LAK HOK
ปทุมธานี,PATHUM THANI,เมืองปทุมธานี,MUEANG PATHUM THANI,สวนพริกไทย,SUAN PHRIK THAI
ปทุมธานี,PATHUM THANI,เมืองปทุมธานี,MUEANG PATHUM THANI,บ้านใหม่,BAN MAI
ปทุมธานี,PATHUM THANI,เมืองปทุมธานี,MUEANG PATHUM THANI,บ้านฉาง,BAN CHANG
ปทุมธานี,PATHUM THANI,เมืองปทุมธานี,MUEANG PATHUM THANI,บ้านกลาง,BAN KLANG
ปทุมธานี,PATHUM THANI,เมืองปทุมธานี,MUEANG PATHUM THANI,บ้านกระแชง,BAN KRACHAENG
ปทุมธานี,PATHUM THANI,เมืองปทุมธานี,MUEANG PATHUM THANI,บางหลวง,BANG LUANG
ปทุมธานี,PATHUM THANI,เมืองปทุมธานี,MUEANG PATHUM THANI,บางพูน,BANG PHUN
ปทุมธานี,PATHUM THANI,เมืองปทุมธานี,MUEANG PATHUM THANI,บางพูด,BANG PHUT
ปทุมธานี,PATHUM THANI,เมืองปทุมธานี,MUEANG PATHUM THANI,บางปรอก,BANG PROK
ปทุมธานี,PATHUM THANI,เมืองปทุมธานี,MUEANG PATHUM THANI,บางเดื่อ,BANG DUEA
ปทุมธานี,PATHUM THANI,เมืองปทุมธานี,MUEANG PATHUM THANI,บางคูวัด,BANG KHU WAT
ปทุมธานี,PATHUM THANI,เมืองปทุมธานี,MUEANG PATHUM THANI,บางขะแยง,BANG KHAYAENG
ปทุมธานี,PATHUM THANI,เมืองปทุมธานี,MUEANG PATHUM THANI,บางกะดี,BANG KADI
ปทุมธานี,PATHUM THANI,ลาดหลุมแก้ว,LAT LUM KAEO,หน้าไม้,NA MAI
ปทุมธานี,PATHUM THANI,ลาดหลุมแก้ว,LAT LUM KAEO,ลาดหลุมแก้ว,LAT LUM KAEO
ปทุมธานี,PATHUM THANI,ลาดหลุมแก้ว,LAT LUM KAEO,ระแหง,RAHAENG
ปทุมธานี,PATHUM THANI,ลาดหลุมแก้ว,LAT LUM KAEO,บ่อเงิน,BO NGOEN
ปทุมธานี,PATHUM THANI,ลาดหลุมแก้ว,LAT LUM KAEO,คูบางหลวง,KHU BANG LUANG
ปทุมธานี,PATHUM THANI,ลาดหลุมแก้ว,LAT LUM KAEO,คูขวาง,KHU KHWANG
ปทุมธานี,PATHUM THANI,ลาดหลุมแก้ว,LAT LUM KAEO,คลองพระอุดม,KHLONG PHRA UDOM
ปทุมธานี,PATHUM THANI,ลำลูกกา,LAM LUK KA,ลำลูกกา,LAM LUK KA
ปทุมธานี,PATHUM THANI,ลำลูกกา,LAM LUK KA,ลำไทร,LAM SAI
ปทุมธานี,PATHUM THANI,ลำลูกกา,LAM LUK KA,ลาดสวาย,LAT SAWAI
ปทุมธานี,PATHUM THANI,ลำลูกกา,LAM LUK KA,พืชอุดม,PHUET UDOM
ปทุมธานี,PATHUM THANI,ลำลูกกา,LAM LUK KA,บึงทองหลาง,BUENG THONG LANG
ปทุมธานี,PATHUM THANI,ลำลูกกา,LAM LUK KA,บึงคำพร้อย,BUENG KHAM PHOI
ปทุมธานี,PATHUM THANI,ลำลูกกา,LAM LUK KA,บึงคอไห,BUENG KHO HAI
ปทุมธานี,PATHUM THANI,ลำลูกกา,LAM LUK KA,คูคต,KHU KHOT
ปทุมธานี,PATHUM THANI,สามโคก,SAM KHOK,สามโคก,SAM KHOK
ปทุมธานี,PATHUM THANI,สามโคก,SAM KHOK,บ้านปทุม,BAN PATHUM
ปทุมธานี,PATHUM THANI,สามโคก,SAM KHOK,บ้านงิ้ว,BAN NGIO
ปทุมธานี,PATHUM THANI,สามโคก,SAM KHOK,บางโพธิ์เหนือ,BANG PHO NUEA
ปทุมธานี,PATHUM THANI,สามโคก,SAM KHOK,บางเตย,BANG TOEI
ปทุมธานี,PATHUM THANI,สามโคก,SAM KHOK,บางกระบือ,BANG KRABUE
ปทุมธานี,PATHUM THANI,สามโคก,SAM KHOK,ท้ายเกาะ,THAI KO
ปทุมธานี,PATHUM THANI,สามโคก,SAM KHOK,เชียงรากใหญ่,CHIANG RAK YAI
ปทุมธานี,PATHUM THANI,สามโคก,SAM KHOK,เชียงรากน้อย,CHIANG RAK NOI
ปทุมธานี,PATHUM THANI,สามโคก,SAM KHOK,คลองควาย,KHLONG KHWAI
ปทุมธานี,PATHUM THANI,สามโคก,SAM KHOK,กระแชง,KRACHAENG
ปทุมธานี,PATHUM THANI,หนองเสือ,NONG SUEA,หนองสามวัง,NONG SAM WANG
ปทุมธานี,PATHUM THANI,หนองเสือ,NONG SUEA,ศาลาครุ,SALA KHRU
ปทุมธานี,PATHUM THANI,หนองเสือ,NONG SUEA,บึงบา,BUENG BA
ปทุมธานี,PATHUM THANI,หนองเสือ,NONG SUEA,บึงบอน,BUENG BON
ปทุมธานี,PATHUM THANI,หนองเสือ,NONG SUEA,บึงชำอ้อ,BUENG CHAM O
ปทุมธานี,PATHUM THANI,หนองเสือ,NONG SUEA,บึงกาสาม,BUENG KA SAM
ปทุมธานี,PATHUM THANI,หนองเสือ,NONG SUEA,นพรัตน์,NOPPHARAT
